{"cameraMode":{"drawMode":0,"name":"Shaded","section":"Shading Mode"},"sceneLighting":false,"audioPlay":false,"sceneViewState":{"showFog":true,"showMaterialUpdate":false,"showSkybox":false,"showFlares":true,"showImageEffects":true,"showParticleSystems":true},"in2DMode":false,"pivot":{"x":0.1342628002166748,"y":0.8995169401168823,"z":0.19088290631771089},"rotation":{"x":-0.24132275581359864,"y":-0.26741328835487368,"z":0.06936885416507721,"w":-0.9302973747253418},"size":5.070368766784668,"orthographic":false}